id,username,email,created_at
1,prouduplink60,prouduplink60@hackstack.io,2025-04-05 22:46:19
2,vividjourney03,vividjourney03@opswise.net,2025-06-20 19:45:06
3,livelyvalley59,livelyvalley59@example.com,2024-12-19 02:03:43
4,forestriver21,forestriver21@relay.cloud,2024-08-11 20:19:37
5,vividnetwork93,vividnetwork93@relay.cloud,2025-03-25 13:17:18
6,warmmeadow62,warmmeadow62@acme.dev,2025-02-16 08:51:05
7,forestengine30,forestengine30@seeded.app,2025-10-11 02:52:05
8,cleargarden51,cleargarden51@opswise.net,2024-01-24 12:36:02
9,silverpioneer99,silverpioneer99@opswise.net,2024-03-09 09:43:57
10,keengarden63,keengarden63@seeded.app,2025-03-23 16:08:40
11,mellowjourney28,mellowjourney28@hackstack.io,2025-06-12 00:29:10
12,embervalley73,embervalley73@acme.dev,2025-01-23 05:13:40
13,calmlagoon99,calmlagoon99@example.com,2024-11-02 09:14:18
14,livelykernel07,livelykernel07@acme.dev,2025-05-24 02:06:09
15,clearpioneer15,clearpioneer15@example.com,2025-04-01 18:26:27
16,briskpioneer23,briskpioneer23@opswise.net,2025-04-02 00:46:38
17,ivorywindow55,ivorywindow55@seeded.app,2025-05-09 14:29:51
18,harbororbit43,harbororbit43@opswise.net,2025-04-13 10:25:42
19,goldvalley45,goldvalley45@acme.dev,2024-07-03 03:27:42
20,calmvalley08,calmvalley08@acme.dev,2024-10-02 14:49:31
21,emberanchor16,emberanchor16@acme.dev,2025-12-09 16:58:46
22,emberbeacon82,emberbeacon82@opswise.net,2025-10-07 13:19:56
23,keennetwork77,keennetwork77@example.com,2025-11-18 05:50:36
24,ivoryharvest16,ivoryharvest16@acme.dev,2025-08-06 01:25:33
25,cobaltwindow83,cobaltwindow83@hackstack.io,2025-12-03 18:36:20
26,quietlagoon24,quietlagoon24@relay.cloud,2025-04-24 04:29:23
27,rapidtrail66,rapidtrail66@relay.cloud,2024-11-16 03:28:12
28,silverriver88,silverriver88@example.com,2024-09-10 00:26:42
29,navyyard56,navyyard56@acme.dev,2025-02-13 22:27:23
30,silverquartz84,silverquartz84@relay.cloud,2024-01-11 13:11:51
31,harborvalley85,harborvalley85@relay.cloud,2024-05-21 18:42:02
32,youngkernel62,youngkernel62@acme.dev,2024-12-29 13:39:00
33,cleartrail49,cleartrail49@seeded.app,2024-05-25 05:02:10
34,proudlagoon64,proudlagoon64@hackstack.io,2025-07-31 07:15:56
35,youngkernel22,youngkernel22@example.com,2025-04-24 13:16:41
36,younggarden85,younggarden85@hackstack.io,2025-03-29 01:48:57
37,briskuplink88,briskuplink88@opswise.net,2024-03-23 16:23:25
38,emberharvest36,emberharvest36@opswise.net,2025-09-02 19:25:10
39,amberriver53,amberriver53@relay.cloud,2024-04-20 10:45:07
40,cobaltisland24,cobaltisland24@hackstack.io,2025-09-30 08:22:42
41,tidypioneer18,tidypioneer18@opswise.net,2025-03-02 13:07:06
42,jadetrail13,jadetrail13@relay.cloud,2025-01-27 17:03:54
43,calmkernel90,calmkernel90@hackstack.io,2024-06-07 03:37:01
44,ivoryjourney82,ivoryjourney82@relay.cloud,2024-02-06 06:54:05
45,vividzenith02,vividzenith02@acme.dev,2024-05-25 01:00:34
46,warmyard15,warmyard15@seeded.app,2024-05-17 02:13:48
47,goldvalley72,goldvalley72@hackstack.io,2025-08-20 01:31:10
48,calmcanyon08,calmcanyon08@relay.cloud,2025-04-08 18:45:36
49,urbanpioneer00,urbanpioneer00@opswise.net,2024-09-18 00:02:21
50,opalmeadow83,opalmeadow83@acme.dev,2024-01-26 01:46:50
51,opalfield37,opalfield37@hackstack.io,2026-01-11 10:28:14
52,calmquartz77,calmquartz77@hackstack.io,2024-09-21 15:49:36
53,tidyriver86,tidyriver86@seeded.app,2025-07-20 02:12:43
54,navymeadow39,navymeadow39@seeded.app,2024-11-23 02:52:49
55,quietriver21,quietriver21@acme.dev,2025-06-07 12:08:11
56,amberdelta45,amberdelta45@relay.cloud,2024-02-13 07:05:54
57,mellowkernel26,mellowkernel26@relay.cloud,2025-11-09 03:58:55
58,keenpioneer44,keenpioneer44@relay.cloud,2026-02-01 13:55:36
59,forestfield73,forestfield73@example.com,2024-07-06 16:20:00
60,clearfield78,clearfield78@seeded.app,2024-01-03 06:19:13
61,briskbeacon59,briskbeacon59@relay.cloud,2024-05-18 05:26:01
62,brisksignal93,brisksignal93@example.com,2024-06-30 07:56:37
63,warmvalley32,warmvalley32@example.com,2024-06-24 04:22:48
64,livelywindow24,livelywindow24@relay.cloud,2024-10-05 10:14:28
65,clearisland32,clearisland32@acme.dev,2024-11-20 13:21:10
66,silverriver53,silverriver53@opswise.net,2025-05-10 15:47:51
67,keentrail97,keentrail97@example.com,2024-11-29 09:01:27
68,dawnpioneer33,dawnpioneer33@relay.cloud,2024-01-15 13:56:07
69,mellowmeadow13,mellowmeadow13@example.com,2025-12-23 19:36:52
70,rapidengine03,rapidengine03@seeded.app,2024-03-11 11:07:06
71,warmvalley07,warmvalley07@acme.dev,2025-05-05 16:17:12
72,jadepioneer38,jadepioneer38@seeded.app,2024-10-07 11:19:25
73,briskfield09,briskfield09@hackstack.io,2024-05-06 23:42:58
74,urbanbeacon32,urbanbeacon32@hackstack.io,2025-07-14 17:13:20
75,tidykernel87,tidykernel87@acme.dev,2024-01-21 11:08:00
76,goldsignal27,goldsignal27@acme.dev,2025-04-27 11:42:21
77,navybeacon12,navybeacon12@relay.cloud,2025-05-26 18:40:52
78,clearcanyon28,clearcanyon28@example.com,2025-07-10 14:50:24
79,proudquartz76,proudquartz76@acme.dev,2024-10-02 06:34:39
80,harborpioneer32,harborpioneer32@hackstack.io,2024-08-23 02:29:06
81,goldyard46,goldyard46@hackstack.io,2024-02-26 22:44:57
82,youngnetwork41,youngnetwork41@opswise.net,2025-09-30 10:00:25
83,ivoryjourney37,ivoryjourney37@seeded.app,2024-12-11 04:28:06
84,warmquartz33,warmquartz33@opswise.net,2024-09-06 19:46:48
85,amberfield19,amberfield19@acme.dev,2024-12-07 23:09:12
86,opaljourney47,opaljourney47@acme.dev,2025-01-15 23:29:23
87,mellowriver16,mellowriver16@example.com,2025-05-26 02:02:18
88,cobaltbeacon35,cobaltbeacon35@relay.cloud,2025-03-22 15:02:23
89,silverharvest26,silverharvest26@hackstack.io,2025-06-16 12:37:01
90,warmsignal76,warmsignal76@seeded.app,2025-05-12 13:21:07
91,navyvalley66,navyvalley66@seeded.app,2024-04-22 05:41:52
92,ivoryriver05,ivoryriver05@opswise.net,2025-07-10 17:55:22
93,mellowsignal64,mellowsignal64@relay.cloud,2024-07-09 15:05:30
94,warmriver94,warmriver94@opswise.net,2025-08-05 23:48:05
95,goldzenith83,goldzenith83@example.com,2025-12-03 22:36:00
96,cobaltwindow75,cobaltwindow75@acme.dev,2024-03-01 16:41:45
97,clearcanyon91,clearcanyon91@relay.cloud,2025-07-20 00:51:35
98,rapidwindow70,rapidwindow70@example.com,2024-04-19 17:37:52
99,youngdelta18,youngdelta18@hackstack.io,2025-06-25 07:27:54
100,clearlagoon65,clearlagoon65@hackstack.io,2025-09-04 01:16:55
101,forestbeacon73,forestbeacon73@example.com,2024-04-15 10:32:40
102,warmlagoon75,warmlagoon75@example.com,2025-07-17 20:54:12
103,youngnetwork57,youngnetwork57@hackstack.io,2025-05-25 09:38:34
104,navymeadow12,navymeadow12@acme.dev,2026-01-30 05:20:32
105,quietuplink34,quietuplink34@example.com,2025-12-30 17:21:01
106,navyzenith01,navyzenith01@acme.dev,2024-08-16 02:41:08
107,amberpioneer54,amberpioneer54@seeded.app,2024-10-04 23:05:22
108,emberengine93,emberengine93@hackstack.io,2024-03-03 05:36:11
109,harborharvest92,harborharvest92@opswise.net,2025-04-24 21:15:21
110,quietnetwork94,quietnetwork94@acme.dev,2025-05-23 20:41:08
111,youngquartz72,youngquartz72@opswise.net,2025-03-14 06:41:24
112,ivoryjourney72,ivoryjourney72@seeded.app,2025-02-21 17:30:49
113,dawnpioneer99,dawnpioneer99@opswise.net,2025-08-10 14:46:43
114,amberdelta39,amberdelta39@relay.cloud,2024-09-01 00:03:08
115,embertrail97,embertrail97@opswise.net,2025-12-08 12:14:48
116,cobaltorbit12,cobaltorbit12@relay.cloud,2025-03-10 13:13:41
117,cobaltlagoon13,cobaltlagoon13@hackstack.io,2024-08-05 17:59:01
118,vividengine55,vividengine55@example.com,2024-06-20 03:57:09
119,youngyard20,youngyard20@seeded.app,2025-12-15 03:00:41
120,forestisland83,forestisland83@example.com,2024-10-05 02:33:25
121,ivorypioneer88,ivorypioneer88@hackstack.io,2024-04-09 17:41:33
122,harborpioneer77,harborpioneer77@opswise.net,2025-08-29 13:30:53
123,cobaltuplink46,cobaltuplink46@acme.dev,2025-05-26 02:18:12
124,mellowcanyon49,mellowcanyon49@opswise.net,2024-07-14 18:54:44
125,briskwindow31,briskwindow31@acme.dev,2025-12-13 12:12:57
126,calmsignal00,calmsignal00@relay.cloud,2025-11-21 08:25:16
127,proudyard59,proudyard59@relay.cloud,2025-12-20 17:38:37
128,emberwindow34,emberwindow34@relay.cloud,2024-02-04 18:05:36
129,opalcanyon89,opalcanyon89@seeded.app,2025-10-07 02:42:16
130,emberyard29,emberyard29@example.com,2024-02-14 03:32:14
131,silverfield00,silverfield00@opswise.net,2024-01-10 22:14:02
132,urbanjourney91,urbanjourney91@hackstack.io,2024-02-01 19:19:36
133,silverbeacon70,silverbeacon70@hackstack.io,2024-12-08 19:03:55
134,quietbeacon98,quietbeacon98@relay.cloud,2025-11-02 15:52:14
135,urbanlagoon68,urbanlagoon68@seeded.app,2024-02-24 22:38:03
136,dawnquartz30,dawnquartz30@acme.dev,2025-05-27 22:00:23
137,youngjourney94,youngjourney94@acme.dev,2024-03-10 08:01:33
138,calmriver23,calmriver23@hackstack.io,2025-08-09 16:44:34
139,youngquartz62,youngquartz62@opswise.net,2024-06-10 05:26:08
140,goldlagoon77,goldlagoon77@relay.cloud,2024-09-09 20:46:56
141,urbanzenith86,urbanzenith86@relay.cloud,2025-07-21 17:21:57
142,opalzenith98,opalzenith98@example.com,2024-05-04 17:28:01
143,harborisland37,harborisland37@opswise.net,2024-02-20 22:00:17
144,goldcanyon58,goldcanyon58@acme.dev,2026-01-10 08:02:00
145,vividorbit06,vividorbit06@acme.dev,2024-10-18 22:54:47
146,proudnetwork26,proudnetwork26@acme.dev,2024-03-26 16:18:07
147,silvervalley16,silvervalley16@relay.cloud,2025-09-09 16:19:37
148,tidykernel90,tidykernel90@opswise.net,2024-03-29 07:49:52
149,rapidtrail32,rapidtrail32@relay.cloud,2025-01-27 18:07:46
150,embernetwork46,embernetwork46@hackstack.io,2026-01-05 18:06:39
151,cobaltpioneer27,cobaltpioneer27@hackstack.io,2025-07-21 11:33:27
152,warmorbit01,warmorbit01@opswise.net,2024-05-27 13:41:40
153,warmtrail61,warmtrail61@acme.dev,2025-06-28 23:08:48
154,clearharvest36,clearharvest36@hackstack.io,2025-02-07 10:00:56
155,youngzenith08,youngzenith08@relay.cloud,2025-10-01 03:28:28
156,forestkernel30,forestkernel30@hackstack.io,2025-09-22 09:53:57
157,livelyriver05,livelyriver05@opswise.net,2026-01-18 05:07:41
158,keenuplink66,keenuplink66@acme.dev,2025-06-29 13:14:00
159,goldisland76,goldisland76@example.com,2024-08-26 06:30:08
160,opalfield26,opalfield26@example.com,2024-02-25 04:30:52
161,ivorywindow05,ivorywindow05@relay.cloud,2024-08-30 03:29:41
162,golduplink91,golduplink91@example.com,2025-11-16 05:38:22
163,tidybeacon35,tidybeacon35@relay.cloud,2024-11-04 21:27:45
164,mellowlagoon44,mellowlagoon44@hackstack.io,2024-05-22 18:41:58
165,livelynetwork83,livelynetwork83@acme.dev,2024-06-03 22:52:17
166,dawnlagoon42,dawnlagoon42@example.com,2025-01-21 03:20:14
167,keensignal58,keensignal58@example.com,2024-12-05 13:31:02
168,urbancanyon08,urbancanyon08@seeded.app,2025-01-24 22:34:41
169,forestyard50,forestyard50@seeded.app,2025-07-17 05:44:23
170,mellowengine39,mellowengine39@acme.dev,2024-10-20 05:02:04
171,livelybeacon89,livelybeacon89@relay.cloud,2024-04-27 08:11:24
172,emberanchor15,emberanchor15@example.com,2025-02-12 17:56:32
173,silverengine44,silverengine44@opswise.net,2024-01-17 02:56:29
174,calmyard94,calmyard94@relay.cloud,2025-08-25 22:52:26
175,goldengine04,goldengine04@example.com,2024-12-04 14:25:27
176,dawnsignal07,dawnsignal07@seeded.app,2024-08-29 16:05:46
177,quietlagoon77,quietlagoon77@opswise.net,2026-01-01 16:17:24
178,silverharvest65,silverharvest65@example.com,2024-11-23 20:19:52
179,clearmeadow67,clearmeadow67@seeded.app,2025-06-10 05:20:41
180,harborharvest23,harborharvest23@seeded.app,2024-04-12 06:24:25
181,dawndelta54,dawndelta54@acme.dev,2025-06-11 15:08:52
182,vividfield65,vividfield65@opswise.net,2024-04-27 12:58:36
183,opalkernel26,opalkernel26@opswise.net,2024-06-18 02:21:26
184,ivoryriver15,ivoryriver15@acme.dev,2025-02-17 01:06:41
185,goldlagoon04,goldlagoon04@example.com,2025-03-09 22:02:01
186,navymeadow09,navymeadow09@acme.dev,2024-10-15 09:15:29
187,urbanwindow67,urbanwindow67@example.com,2025-10-25 01:55:22
188,keenuplink10,keenuplink10@relay.cloud,2024-09-27 21:28:26
189,clearnetwork86,clearnetwork86@example.com,2025-12-08 04:12:58
190,mellowmeadow09,mellowmeadow09@relay.cloud,2024-05-05 19:24:24
191,rapidcanyon05,rapidcanyon05@opswise.net,2024-01-28 01:27:16
192,opaljourney50,opaljourney50@example.com,2025-05-15 08:26:18
193,keenanchor47,keenanchor47@acme.dev,2024-09-21 08:59:51
194,briskzenith26,briskzenith26@seeded.app,2025-07-24 20:29:02
195,tidyyard89,tidyyard89@seeded.app,2024-11-30 22:57:37
196,forestorbit05,forestorbit05@seeded.app,2024-02-15 20:44:05
197,emberorbit26,emberorbit26@seeded.app,2024-11-25 03:31:00
198,vividdelta24,vividdelta24@opswise.net,2024-10-10 02:44:12
199,briskmeadow87,briskmeadow87@relay.cloud,2025-08-27 14:46:21
200,harbortrail93,harbortrail93@hackstack.io,2025-05-13 11:59:01
201,youngmeadow65,youngmeadow65@relay.cloud,2024-02-03 02:12:20
202,rapidgarden64,rapidgarden64@hackstack.io,2024-08-29 02:31:18
203,opalriver18,opalriver18@acme.dev,2025-06-20 08:07:34
204,jadenetwork40,jadenetwork40@hackstack.io,2024-07-20 17:46:30
205,calmzenith79,calmzenith79@relay.cloud,2025-05-15 19:06:33
206,livelytrail71,livelytrail71@example.com,2024-05-08 16:21:31
207,tidygarden36,tidygarden36@hackstack.io,2024-10-16 05:14:53
208,silverquartz45,silverquartz45@seeded.app,2024-10-24 14:20:02
209,opalengine17,opalengine17@example.com,2025-11-17 07:42:16
210,cleartrail87,cleartrail87@relay.cloud,2025-05-29 21:49:23
211,proudfield23,proudfield23@example.com,2025-04-16 04:22:12
212,calmsignal04,calmsignal04@hackstack.io,2024-02-23 21:09:11
213,ivorymeadow33,ivorymeadow33@example.com,2024-01-22 08:16:55
214,vividbeacon96,vividbeacon96@hackstack.io,2024-09-02 07:15:40
215,calmvalley75,calmvalley75@seeded.app,2024-12-23 15:59:19
216,clearquartz15,clearquartz15@hackstack.io,2025-03-15 15:37:48
217,briskuplink76,briskuplink76@example.com,2025-03-11 05:39:03
218,silverpioneer18,silverpioneer18@example.com,2024-11-19 20:02:50
219,urbanorbit95,urbanorbit95@seeded.app,2024-05-12 10:40:56
220,quietyard33,quietyard33@relay.cloud,2025-04-03 20:11:17
221,forestyard92,forestyard92@example.com,2024-08-10 13:57:58
222,clearisland89,clearisland89@relay.cloud,2025-12-15 21:23:01
223,keenpioneer40,keenpioneer40@hackstack.io,2024-01-12 22:17:07
224,livelysignal05,livelysignal05@acme.dev,2025-06-08 15:41:43
225,harborfield92,harborfield92@acme.dev,2025-11-16 13:46:13
226,briskdelta78,briskdelta78@opswise.net,2024-09-05 01:55:09
227,jadeharvest77,jadeharvest77@acme.dev,2025-07-16 05:19:13
228,keenyard45,keenyard45@relay.cloud,2025-06-07 01:29:44
229,proudcanyon43,proudcanyon43@seeded.app,2024-02-11 23:46:15
230,calmdelta11,calmdelta11@opswise.net,2024-10-25 10:36:17
231,navylagoon07,navylagoon07@example.com,2024-03-23 22:42:16
232,urbanwindow66,urbanwindow66@acme.dev,2025-06-30 22:26:18
233,rapidwindow07,rapidwindow07@seeded.app,2025-12-10 11:05:51
234,silverquartz92,silverquartz92@example.com,2024-11-11 04:32:49
235,mellowwindow91,mellowwindow91@example.com,2024-05-17 14:12:03
236,rapidwindow73,rapidwindow73@hackstack.io,2025-04-25 09:49:40
237,urbanvalley13,urbanvalley13@relay.cloud,2025-12-06 23:08:13
238,calmyard61,calmyard61@relay.cloud,2025-04-09 14:21:00
239,ivorynetwork07,ivorynetwork07@opswise.net,2025-01-02 12:10:52
240,cobaltbeacon75,cobaltbeacon75@relay.cloud,2025-08-27 06:31:30
241,quietgarden67,quietgarden67@acme.dev,2024-01-04 23:24:42
242,calmlagoon14,calmlagoon14@opswise.net,2024-07-12 06:53:56
243,forestanchor17,forestanchor17@hackstack.io,2024-03-19 19:33:00
244,mellowengine91,mellowengine91@seeded.app,2024-04-01 10:28:08
245,quietharvest94,quietharvest94@hackstack.io,2025-01-31 08:07:00
246,goldvalley58,goldvalley58@opswise.net,2024-09-09 17:08:41
247,cobaltmeadow35,cobaltmeadow35@opswise.net,2024-07-31 02:52:54
248,silverpioneer54,silverpioneer54@example.com,2025-01-13 20:22:55
249,proudwindow31,proudwindow31@opswise.net,2024-09-12 10:00:16
250,embertrail21,embertrail21@opswise.net,2025-09-29 01:36:31
251,forestkernel51,forestkernel51@hackstack.io,2025-03-28 16:01:12
252,cobaltgarden49,cobaltgarden49@relay.cloud,2025-08-01 08:06:56
253,navytrail96,navytrail96@opswise.net,2024-03-07 06:48:46
254,dawnriver84,dawnriver84@opswise.net,2025-12-31 21:26:30
255,silverharvest67,silverharvest67@seeded.app,2025-01-21 01:06:22
256,opaldelta95,opaldelta95@relay.cloud,2024-06-25 00:25:41
257,tidyfield25,tidyfield25@opswise.net,2025-03-05 17:30:10
258,opalengine65,opalengine65@relay.cloud,2024-07-16 09:37:07
259,clearanchor91,clearanchor91@relay.cloud,2025-03-31 15:24:04
260,forestfield81,forestfield81@acme.dev,2024-05-21 06:30:04
261,warmkernel13,warmkernel13@opswise.net,2025-01-19 07:58:50
262,navywindow55,navywindow55@relay.cloud,2025-11-07 20:49:48
263,urbanriver46,urbanriver46@hackstack.io,2024-02-01 10:37:35
264,cobaltriver63,cobaltriver63@seeded.app,2024-07-02 13:26:29
265,navydelta83,navydelta83@example.com,2024-04-30 05:46:20
266,tidybeacon21,tidybeacon21@relay.cloud,2025-09-16 23:49:52
267,calmyard13,calmyard13@opswise.net,2024-10-31 20:40:06
268,jadejourney18,jadejourney18@opswise.net,2024-05-05 18:50:20
269,warmisland94,warmisland94@example.com,2025-09-16 01:37:13
270,urbannetwork22,urbannetwork22@seeded.app,2025-07-08 14:19:12
271,vividtrail08,vividtrail08@hackstack.io,2025-10-06 13:36:43
272,rapidkernel32,rapidkernel32@example.com,2025-05-13 01:26:02
273,warmtrail47,warmtrail47@acme.dev,2024-07-24 14:58:36
274,opaljourney66,opaljourney66@seeded.app,2024-04-09 08:58:28
275,jadequartz95,jadequartz95@seeded.app,2025-04-18 16:28:54
276,quietcanyon18,quietcanyon18@opswise.net,2024-06-23 07:42:01
277,emberquartz02,emberquartz02@acme.dev,2025-05-10 18:29:14
278,warmtrail55,warmtrail55@hackstack.io,2025-08-17 18:14:38
279,mellowgarden10,mellowgarden10@acme.dev,2025-06-10 17:02:29
280,younganchor00,younganchor00@acme.dev,2025-05-25 06:56:20
281,forestvalley59,forestvalley59@example.com,2024-09-08 00:28:55
282,keenuplink70,keenuplink70@acme.dev,2024-07-22 02:09:44
283,jadezenith69,jadezenith69@seeded.app,2025-06-01 05:15:05
284,rapidharvest19,rapidharvest19@example.com,2024-11-24 20:27:17
285,goldriver68,goldriver68@example.com,2025-12-06 19:39:47
286,harboruplink41,harboruplink41@hackstack.io,2024-06-17 17:43:07
287,vividorbit49,vividorbit49@opswise.net,2024-12-26 13:14:44
288,silverkernel61,silverkernel61@relay.cloud,2025-05-05 18:45:42
289,urbanquartz09,urbanquartz09@hackstack.io,2024-05-26 05:11:26
290,ivorywindow39,ivorywindow39@acme.dev,2024-10-24 05:52:45
291,mellownetwork43,mellownetwork43@example.com,2025-09-16 23:32:23
292,tidyanchor65,tidyanchor65@hackstack.io,2025-02-10 13:06:18
293,jadeisland98,jadeisland98@relay.cloud,2024-09-29 11:21:59
294,dawnfield95,dawnfield95@seeded.app,2024-01-22 00:34:01
295,cobaltwindow69,cobaltwindow69@relay.cloud,2024-08-30 17:29:59
296,amberbeacon07,amberbeacon07@relay.cloud,2024-11-18 18:56:16
297,dawnengine59,dawnengine59@opswise.net,2024-02-09 17:22:48
298,prouduplink66,prouduplink66@seeded.app,2024-11-23 22:50:31
299,keenvalley92,keenvalley92@seeded.app,2025-09-17 17:53:44
300,opalmeadow43,opalmeadow43@acme.dev,2024-03-21 17:09:02
301,dawnyard29,dawnyard29@example.com,2025-03-21 13:00:51
302,vividzenith55,vividzenith55@opswise.net,2024-04-12 12:47:16
303,urbanvalley99,urbanvalley99@example.com,2025-01-12 09:09:02
304,livelymeadow61,livelymeadow61@seeded.app,2025-08-02 00:35:08
305,cobaltengine32,cobaltengine32@opswise.net,2025-10-18 16:43:29
306,urbannetwork01,urbannetwork01@opswise.net,2024-02-23 14:40:59
307,vividriver72,vividriver72@seeded.app,2025-04-26 15:30:53
308,rapidzenith34,rapidzenith34@example.com,2024-05-21 16:57:07
309,vividsignal76,vividsignal76@example.com,2026-01-09 10:11:30
310,briskuplink99,briskuplink99@relay.cloud,2024-10-07 08:51:27
311,goldbeacon82,goldbeacon82@relay.cloud,2025-07-28 21:26:56
312,jadezenith71,jadezenith71@opswise.net,2025-10-30 07:23:31
313,harborcanyon46,harborcanyon46@hackstack.io,2025-05-13 20:15:35
314,dawntrail66,dawntrail66@opswise.net,2024-06-14 12:26:00
315,calmmeadow11,calmmeadow11@relay.cloud,2024-02-04 15:32:03
316,tidynetwork90,tidynetwork90@acme.dev,2024-09-01 11:47:14
317,amberisland56,amberisland56@acme.dev,2024-03-18 02:42:08
318,amberfield66,amberfield66@opswise.net,2024-01-16 10:46:31
319,briskorbit72,briskorbit72@acme.dev,2024-01-11 17:16:06
320,forestkernel91,forestkernel91@seeded.app,2024-02-01 09:16:39
321,proudlagoon30,proudlagoon30@acme.dev,2025-07-04 19:38:02
322,emberlagoon53,emberlagoon53@acme.dev,2024-09-11 11:58:36
323,proudanchor72,proudanchor72@opswise.net,2025-04-20 22:08:40
324,quietuplink13,quietuplink13@hackstack.io,2024-03-20 11:39:19
325,quietriver81,quietriver81@example.com,2025-12-15 00:14:23
326,mellowriver85,mellowriver85@seeded.app,2024-02-02 02:01:50
327,warmquartz32,warmquartz32@relay.cloud,2024-04-04 23:59:17
328,proudcanyon44,proudcanyon44@acme.dev,2026-01-07 13:58:00
329,briskharvest72,briskharvest72@seeded.app,2025-02-17 16:21:31
330,keenwindow29,keenwindow29@seeded.app,2025-06-13 03:33:03
331,navybeacon50,navybeacon50@seeded.app,2026-01-18 22:52:46
332,urbankernel26,urbankernel26@relay.cloud,2025-01-26 06:35:49
333,jadenetwork52,jadenetwork52@relay.cloud,2025-02-05 10:52:10
334,quietquartz39,quietquartz39@hackstack.io,2024-04-22 02:45:47
335,keenuplink46,keenuplink46@hackstack.io,2024-02-18 04:29:55
336,proudnetwork57,proudnetwork57@hackstack.io,2024-09-02 02:35:20
337,emberriver19,emberriver19@hackstack.io,2025-12-12 23:17:58
338,harborlagoon66,harborlagoon66@acme.dev,2025-08-22 16:54:37
339,rapidsignal47,rapidsignal47@acme.dev,2025-08-23 15:08:08
340,tidyisland47,tidyisland47@opswise.net,2025-10-06 03:10:24
341,clearmeadow21,clearmeadow21@acme.dev,2025-05-20 08:29:03
342,warmpioneer84,warmpioneer84@opswise.net,2024-08-02 05:03:33
343,urbanriver20,urbanriver20@relay.cloud,2024-12-31 07:37:35
344,opaljourney73,opaljourney73@opswise.net,2024-09-22 01:39:35
345,vividharvest23,vividharvest23@example.com,2025-05-22 09:13:15
346,jadekernel51,jadekernel51@opswise.net,2026-01-31 03:27:33
347,briskgarden34,briskgarden34@opswise.net,2025-07-15 12:20:57
348,opalwindow28,opalwindow28@relay.cloud,2025-01-13 13:33:16
349,cobaltharvest84,cobaltharvest84@opswise.net,2025-09-04 08:19:00
350,navyorbit56,navyorbit56@opswise.net,2024-11-10 06:44:06
351,youngfield51,youngfield51@hackstack.io,2025-10-25 08:29:19
352,urbanuplink76,urbanuplink76@hackstack.io,2026-01-22 03:04:46
353,silvertrail52,silvertrail52@opswise.net,2026-01-05 18:12:36
354,rapidbeacon04,rapidbeacon04@hackstack.io,2025-01-14 15:12:15
355,briskisland58,briskisland58@seeded.app,2024-09-25 07:38:13
356,goldpioneer18,goldpioneer18@acme.dev,2024-10-03 14:44:31
357,vividisland89,vividisland89@example.com,2024-08-30 09:54:42
358,rapidlagoon72,rapidlagoon72@opswise.net,2024-09-20 05:41:44
359,amberharvest48,amberharvest48@example.com,2024-05-14 17:56:11
360,clearwindow08,clearwindow08@opswise.net,2025-08-07 20:27:35
361,navywindow36,navywindow36@seeded.app,2025-07-15 12:01:57
362,harborkernel79,harborkernel79@seeded.app,2025-05-08 01:42:15
363,rapidharvest73,rapidharvest73@hackstack.io,2025-07-24 07:33:59
364,dawnuplink50,dawnuplink50@opswise.net,2024-04-22 13:07:58
365,dawnuplink95,dawnuplink95@acme.dev,2024-03-11 11:59:05
366,proudfield35,proudfield35@example.com,2025-10-24 05:30:03
367,goldtrail13,goldtrail13@relay.cloud,2025-01-05 19:03:48
368,dawnfield06,dawnfield06@seeded.app,2024-10-17 14:02:14
369,harborwindow27,harborwindow27@hackstack.io,2025-06-12 10:06:46
370,cobalttrail78,cobalttrail78@relay.cloud,2025-09-13 20:49:21
371,harborwindow01,harborwindow01@relay.cloud,2025-10-14 03:19:20
372,brisklagoon35,brisklagoon35@hackstack.io,2025-10-23 14:53:28
373,cobaltzenith59,cobaltzenith59@opswise.net,2025-04-02 22:20:40
374,briskcanyon95,briskcanyon95@hackstack.io,2024-10-15 03:08:54
375,vividvalley27,vividvalley27@relay.cloud,2025-07-15 13:19:26
376,opalwindow49,opalwindow49@opswise.net,2025-01-03 08:50:46
377,amberpioneer87,amberpioneer87@example.com,2024-11-19 16:00:51
378,proudengine18,proudengine18@acme.dev,2024-07-02 11:57:06
379,calmuplink41,calmuplink41@seeded.app,2025-10-31 00:19:07
380,opalanchor56,opalanchor56@hackstack.io,2025-04-27 14:38:31
381,ivoryisland46,ivoryisland46@seeded.app,2026-01-31 02:43:29
382,silvermeadow39,silvermeadow39@relay.cloud,2025-12-06 14:30:23
383,silverharvest90,silverharvest90@hackstack.io,2024-07-09 02:27:44
384,keenvalley10,keenvalley10@relay.cloud,2024-02-03 13:24:10
385,jadewindow03,jadewindow03@example.com,2024-07-21 02:42:06
386,amberwindow05,amberwindow05@seeded.app,2025-08-01 17:00:23
387,rapidorbit81,rapidorbit81@opswise.net,2024-02-11 21:01:51
388,mellownetwork98,mellownetwork98@relay.cloud,2025-05-15 17:23:20
389,cobaltgarden53,cobaltgarden53@relay.cloud,2025-07-14 02:32:54
390,tidywindow39,tidywindow39@seeded.app,2024-12-28 08:52:55
391,mellowgarden07,mellowgarden07@hackstack.io,2024-04-10 14:09:59
392,navyjourney55,navyjourney55@acme.dev,2024-01-06 03:16:50
393,emberquartz96,emberquartz96@example.com,2024-02-08 00:37:27
394,dawnisland60,dawnisland60@opswise.net,2025-02-22 17:40:29
395,calmharvest33,calmharvest33@example.com,2025-09-18 19:50:32
396,quietwindow82,quietwindow82@relay.cloud,2026-01-08 08:31:08
397,silveruplink78,silveruplink78@opswise.net,2024-06-29 09:26:13
398,livelyzenith27,livelyzenith27@acme.dev,2025-07-19 08:28:46
399,amberisland74,amberisland74@example.com,2024-01-13 06:21:38
400,youngzenith80,youngzenith80@seeded.app,2024-09-18 16:51:47
